Iteration,Vehicle_ID,X,Y,Utility,Capacity,Neighbours
10,0,813,558,0.0,1,0,1
10,1,785,434,0.0,1,0,2
10,2,342,584,0.7913778976962071,0,0,2
10,3,533,583,3.8144094298620623,0,0,2
10,4,443,337,1.7815958923715003,0,0,2
10,5,590,442,2.527526542104041,0,0,2
10,6,699,514,0.7913778976962071,0,0,2
10,7,398,418,4.19843902290593,0,0,2
10,8,418,553,3.94970242312,0,0,2
10,9,453,453,0.0,1,0,3

