Iteration,Passenger_ID,X,Y,Utility,Neighbours,Interest
60,1,526,397,0.0,0,0,1
60,2,550,448,0.0,0,0,1
60,3,360,530,0.0,0,0,1
60,4,549,566,0.0,0,0,1
60,5,614,508,0.0,0,0,1
60,6,602,535,4.888196601125011,17,1,2
60,7,502,566,4.841886116991581,29,1,2
60,8,597,399,4.8197224362268,12,1,2
60,9,428,623,5.0,15,1,2
60,10,465,512,4.841886116991581,23,1,2
60,11,464,508,4.793844718719117,24,1,2
60,12,565,619,4.888196601125011,21,1,2
60,13,510,541,4.888196601125011,24,1,2
60,14,470,487,4.929289321881345,25,1,2
60,15,272,557,4.5968871125850725,8,1,2
60,16,416,273,4.664589803375032,7,1,2
60,17,415,549,4.929289321881345,24,1,2
60,18,540,637,4.8197224362268,15,1,2
60,19,493,257,4.193774225170145,5,1,2
60,20,310,575,4.539022777135356,8,1,2
60,21,639,575,4.787867965644035,17,1,2
60,22,397,604,4.679843788128358,17,1,2
60,23,715,457,4.75,5,1,2
60,24,501,467,4.858578643762691,19,1,2
60,25,627,426,4.858578643762691,9,1,2
60,26,267,354,4.459167308680401,3,1,2
60,27,458,393,4.858578643762691,18,1,2
60,28,450,359,4.776393202250022,17,1,2
60,29,320,519,4.776393202250022,11,1,2
60,30,389,409,5.0,11,1,2
60,31,588,334,4.5968871125850725,13,1,3
60,32,467,352,4.730741759643275,16,1,3
60,33,535,402,4.929289321881345,22,1,3
60,34,933,526,0.0,0,0,3
60,35,303,642,4.683772233983162,4,1,3
60,36,349,541,4.776393202250022,10,1,3
60,37,405,439,4.793844718719117,18,1,3
60,38,503,511,4.646446609406726,17,1,3
60,39,817,491,0.0,0,0,3
60,40,483,345,4.776393202250022,14,1,3
60,41,458,611,4.9,11,1,3
60,42,405,412,4.888196601125011,17,1,3
60,43,542,539,4.8197224362268,17,1,3
60,44,459,212,0.0,3,0,3
60,45,390,594,4.679843788128358,13,1,3
60,46,671,532,4.8197224362268,7,1,3
60,47,474,483,4.858578643762691,19,1,3
60,48,443,434,4.858578643762691,19,1,3
60,49,449,469,4.9,18,1,3
60,50,545,430,4.95,22,1,3

