Iteration,Passenger_ID,X,Y,Utility,Neighbours,Interest
40,1,541,626,0.0,0,0,1
40,2,403,521,0.0,0,0,1
40,3,620,450,0.0,1,0,1
40,4,481,904,0.0,0,0,1
40,5,451,534,0.0,0,0,1
40,6,508,585,4.745049024320361,18,1,2
40,7,582,652,4.679843788128358,13,1,2
40,8,474,457,4.888196601125011,19,1,2
40,9,363,576,4.776393202250022,10,1,2
40,10,587,421,4.8197224362268,18,1,2
40,11,637,533,4.8,17,1,2
40,12,705,587,4.717157287525381,9,1,2
40,13,820,510,0.0,1,0,2
40,14,625,552,4.85,16,1,2
40,15,406,475,4.888196601125011,20,1,2
40,16,343,600,4.888196601125011,6,1,2
40,17,676,635,4.75,11,1,2
40,18,426,665,4.75,9,1,2
40,19,642,444,4.888196601125011,15,1,2
40,20,603,333,4.75,6,1,2
40,21,405,484,4.699999999999999,19,1,2
40,22,397,355,4.54723074309313,9,1,2
40,23,533,600,4.787867965644035,17,1,2
40,24,692,541,4.679843788128358,14,1,2
40,25,474,206,0.0,1,0,2
40,26,479,612,4.708452405257734,15,1,2
40,27,626,591,4.787867965644035,16,1,2
40,28,759,565,4.4,3,1,2
40,29,412,434,4.888196601125011,23,1,2
40,30,761,386,0.0,1,0,2
40,31,448,691,4.9,7,1,3
40,32,415,159,0.0,0,0,3
40,33,380,547,4.776393202250022,19,1,3
40,34,358,477,4.65,14,1,3
40,35,316,501,4.75,11,1,3
40,36,513,453,4.708452405257734,19,1,3
40,37,526,331,4.85,7,1,3
40,38,517,539,4.793844718719117,19,1,3
40,39,382,550,4.841886116991581,19,1,3
40,40,666,439,4.46148351928655,10,1,3
40,41,385,504,4.776393202250022,20,1,3
40,42,299,471,4.793844718719117,8,1,3
40,43,415,516,4.841886116991581,22,1,3
40,44,489,564,4.776393202250022,18,1,3
40,45,608,414,4.4409830056250525,15,1,3
40,46,504,505,4.8197224362268,22,1,3
40,47,457,534,4.9,25,1,3
40,48,466,433,4.730741759643275,13,1,3
40,49,558,385,4.793844718719117,12,1,3
40,50,720,749,0.0,1,0,3

