Iteration,Passenger_ID,X,Y,Utility,Neighbours,Interest
40,1,474,464,0.0,0,0,1
40,2,430,672,0.0,1,0,1
40,3,554,752,0.0,0,0,1
40,4,600,670,0.0,0,0,1
40,5,571,392,0.0,0,0,1
40,6,524,336,4.85,9,1,2
40,7,515,537,4.793844718719117,23,1,2
40,8,519,370,4.730741759643275,17,1,2
40,9,374,491,4.8197224362268,18,1,2
40,10,544,617,4.776393202250022,14,1,2
40,11,290,582,4.683772233983162,7,1,2
40,12,492,539,4.6958618734850885,23,1,2
40,13,488,298,4.683772233983162,8,1,2
40,14,509,472,4.8197224362268,23,1,2
40,15,498,319,4.5968871125850725,9,1,2
40,16,436,421,4.8,20,1,2
40,17,652,619,4.9,5,1,2
40,18,411,358,4.683772233983162,11,1,2
40,19,439,478,4.95,27,1,2
40,20,332,457,4.776393202250022,14,1,2
40,21,697,351,4.569883736647869,10,1,2
40,22,369,368,4.639444872453601,10,1,2
40,23,635,453,4.858578643762691,14,1,2
40,24,714,483,4.8197224362268,8,1,2
40,25,405,230,3.459707819925064,2,1,2
40,26,317,254,0.0,2,0,2
40,27,542,463,4.8,22,1,2
40,28,441,408,4.6958618734850885,18,1,2
40,29,525,471,4.776393202250022,22,1,2
40,30,333,615,4.639444872453601,10,1,2
40,31,484,573,4.95,22,1,3
40,32,490,358,4.745049024320361,14,1,3
40,33,569,610,4.679843788128358,18,1,3
40,34,495,557,4.841886116991581,24,1,3
40,35,569,314,4.539022777135356,13,1,3
40,36,756,480,4.841886116991581,4,1,3
40,37,270,434,4.646446609406726,8,1,3
40,38,563,572,4.95,21,1,3
40,39,441,532,4.776393202250022,18,1,3
40,40,603,432,4.888196601125011,18,1,3
40,41,521,691,4.552786404500042,12,1,3
40,42,570,303,4.639444872453601,11,1,3
40,43,546,438,4.75,19,1,3
40,44,531,469,4.888196601125011,25,1,3
40,45,745,304,0.0,1,0,3
40,46,361,468,4.929289321881345,10,1,3
40,47,426,555,4.9,16,1,3
40,48,500,668,4.5968871125850725,13,1,3
40,49,405,629,4.888196601125011,11,1,3
40,50,706,576,4.161847269287989,4,1,3

