Iteration,Passenger_ID,X,Y,Utility,Neighbours,Interest
20,1,411,257,0.0,0,0,1
20,2,261,530,0.0,0,0,1
20,3,713,752,0.0,0,0,1
20,4,419,625,0.0,0,0,1
20,5,331,602,0.0,0,0,1
20,6,462,460,4.679843788128358,22,1,2
20,7,380,291,4.429912287450431,6,1,2
20,8,555,342,4.569883736647869,11,1,2
20,9,535,542,4.646446609406726,24,1,2
20,10,673,316,4.639444872453601,5,1,2
20,11,682,606,4.30537780052751,4,1,2
20,12,480,516,4.841886116991581,22,1,2
20,13,500,237,0.0,3,0,2
20,14,396,549,4.929289321881345,16,1,2
20,15,332,549,4.3291796067500625,6,1,2
20,16,646,438,4.85,10,1,2
20,17,233,441,0.0,2,0,2
20,18,319,504,4.575735931288072,6,1,2
20,19,485,588,4.787867965644035,21,1,2
20,20,484,592,4.477984674554472,20,1,2
20,21,274,822,0.0,0,0,2
20,22,432,408,4.730741759643275,16,1,2
20,23,468,463,4.381534156157351,23,1,2
20,24,627,362,4.381534156157351,10,1,2
20,25,474,500,4.9,21,1,2
20,26,524,624,4.9,14,1,2
20,27,492,485,4.639444872453601,21,1,2
20,28,471,643,4.539022777135356,14,1,2
20,29,359,379,4.841886116991581,8,1,2
20,30,448,434,4.8197224362268,19,1,2
20,31,553,592,4.888196601125011,15,1,3
20,32,453,386,4.459167308680401,11,1,3
20,33,759,350,3.3379229861405335,4,1,3
20,34,602,646,4.525658350974743,9,1,3
20,35,310,406,4.136866174918397,6,1,3
20,36,601,447,4.539022777135356,11,1,3
20,37,459,545,4.646446609406726,19,1,3
20,38,232,486,0.0,4,0,3
20,39,540,306,4.35,4,1,3
20,40,504,609,4.888196601125011,17,1,3
20,41,391,745,0.0,1,0,3
20,42,502,404,4.888196601125011,16,1,3
20,43,427,457,4.5968871125850725,16,1,3
20,44,566,593,4.292893218813452,13,1,3
20,45,393,459,4.8,13,1,3
20,46,468,535,4.367544467966324,20,1,3
20,47,353,478,4.1499999999999995,11,1,3
20,48,507,616,4.793844718719117,17,1,3
20,49,574,550,4.5,14,1,3
20,50,529,412,4.858578643762691,12,1,3

