Iteration,Vehicle_ID,X,Y,Utility,Capacity,Neighbours
10,0,469,691,0.0,1,0,1
10,1,472,577,1.294514201889312,0,0,2
10,2,495,551,3.8115135675995293,0,0,2
10,3,483,531,4.359687576256715,0,0,2
10,4,353,490,1.5174542357637277,0,0,2
10,5,559,438,3.1882329068006565,0,0,2
10,6,324,477,2.5244950010149445,0,0,2
10,7,384,695,2.427914270480084,0,0,2
10,8,603,703,1.6885614908321187,0,0,2
10,9,320,616,0.0,1,0,3
10,10,257,423,0.0,1,0,3

