Iteration,Vehicle_ID,X,Y,Utility,Capacity,Neighbours
10,0,494,557,0.0,1,0,1
10,1,513,263,0.6078905979017328,0,0,2
10,2,400,577,3.632292063341007,0,0,2
10,3,731,291,0.0,1,0,2
10,4,534,330,1.2508334259465081,0,0,2
10,5,451,492,1.9799627485741174,0,0,2
10,6,446,480,4.2698459066744885,0,0,2
10,7,717,378,0.5065325193120628,0,0,2
10,8,478,459,2.6456157917621006,0,0,2
10,9,434,588,4.140857986128021,0,0,2
10,10,444,518,0.0,1,0,3

