Iteration,Vehicle_ID,X,Y,Utility,Capacity,Neighbours
10,0,571,585,0.0,1,0,1
10,1,405,723,2.9669911461088025,0,0,2
10,2,720,525,1.2486669036194613,0,0,2
10,3,764,718,0.0,1,0,2
10,4,467,262,0.42254164409986145,0,0,2
10,5,579,466,3.7862763906061647,0,0,2
10,6,376,452,3.252680624499345,0,0,2
10,7,509,465,3.0307044406692025,0,0,2
10,8,387,423,3.367325813274431,0,0,2
10,9,411,364,1.039176222046732,0,0,2
10,10,261,749,0.0,1,0,2
10,11,368,488,0.0,1,0,3

