Iteration,Passenger_ID,X,Y,Utility,Neighbours,Interest
20,1,774,505,0.0,0,0,1
20,2,487,441,0.0,0,0,1
20,3,504,564,0.0,0,0,1
20,4,452,524,0.0,0,0,1
20,5,600,390,0.0,0,0,1
20,6,385,583,4.679843788128358,16,1,2
20,7,409,240,0.0,4,0,2
20,8,709,450,4.447731949140637,14,1,2
20,9,731,554,4.85,8,1,2
20,10,449,535,4.75,25,1,2
20,11,655,471,4.55,14,1,2
20,12,486,555,4.646446609406726,25,1,2
20,13,351,681,4.2094305849579055,5,1,2
20,14,517,641,4.708452405257734,12,1,2
20,15,336,654,4.4409830056250525,7,1,2
20,16,395,425,4.525658350974743,12,1,2
20,17,343,522,4.30537780052751,12,1,2
20,18,404,570,4.9,20,1,2
20,19,463,630,4.646446609406726,16,1,2
20,20,455,564,4.8197224362268,18,1,2
20,21,506,461,4.9,21,1,2
20,22,470,576,4.587689437438234,21,1,2
20,23,312,617,4.52830094339717,8,1,2
20,24,354,482,4.730741759643275,11,1,2
20,25,486,622,4.95,14,1,2
20,26,529,474,4.9,18,1,2
20,27,680,515,4.793844718719117,15,1,2
20,28,406,418,4.888196601125011,14,1,2
20,29,503,453,4.65,24,1,2
20,30,600,552,4.8,14,1,2
20,31,292,318,3.156091108541423,3,1,3
20,32,524,522,4.75,22,1,3
20,33,504,697,4.730741759643275,8,1,3
20,34,467,656,4.30537780052751,16,1,3
20,35,530,444,4.8,19,1,3
20,36,482,428,4.9,23,1,3
20,37,380,356,4.75,8,1,3
20,38,561,634,4.8197224362268,16,1,3
20,39,421,375,4.5968871125850725,12,1,3
20,40,430,479,4.929289321881345,17,1,3
20,41,496,514,4.6958618734850885,26,1,3
20,42,524,601,4.683772233983162,22,1,3
20,43,468,592,4.858578643762691,19,1,3
20,44,616,308,4.609487516204668,11,1,3
20,45,476,458,4.55,21,1,3
20,46,439,598,4.635994505535973,17,1,3
20,47,540,653,4.507557109910195,18,1,3
20,48,752,599,4.587689437438234,3,1,3
20,49,415,462,4.708452405257734,17,1,3
20,50,735,572,3.7630683123147026,3,1,3

