Iteration,Passenger_ID,X,Y,Utility,Neighbours,Interest
20,1,717,519,0.0,0,0,1
20,2,546,407,0.0,0,0,1
20,3,544,434,0.0,0,0,1
20,4,526,532,0.0,0,0,1
20,5,596,409,0.0,0,0,1
20,6,367,366,4.569883736647869,7,1,2
20,7,364,634,4.126787540171351,8,1,2
20,8,359,479,4.85,12,1,2
20,9,396,704,0.0,4,0,2
20,10,673,444,4.4,4,1,2
20,11,507,467,4.776393202250022,20,1,2
20,12,359,537,4.5968871125850725,15,1,2
20,13,305,425,4.497506218943956,8,1,2
20,14,489,612,4.635994505535973,16,1,2
20,15,432,559,4.664589803375032,19,1,2
20,16,550,596,4.5,21,1,2
20,17,574,656,4.490098048640721,15,1,2
20,18,119,468,0.0,0,0,2
20,19,321,507,4.3480797594797345,13,1,2
20,20,596,566,4.85,21,1,2
20,21,577,544,4.85,17,1,2
20,22,613,498,4.664589803375032,15,1,2
20,23,675,539,4.434314575050761,10,1,2
20,24,450,435,4.717157287525381,16,1,2
20,25,476,502,5.0,23,1,2
20,26,325,302,4.2221825406947975,6,1,2
20,27,427,298,4.841886116991581,10,1,2
20,28,363,606,4.26175884698833,10,1,2
20,29,348,600,4.507557109910195,9,1,2
20,30,476,503,4.888196601125011,23,1,2
20,31,656,545,4.787867965644035,9,1,3
20,32,390,673,4.8197224362268,4,1,3
20,33,691,463,4.507557109910195,10,1,3
20,34,409,580,4.745049024320361,13,1,3
20,35,295,558,4.793844718719117,9,1,3
20,36,534,530,4.787867965644035,15,1,3
20,37,372,424,4.429912287450431,13,1,3
20,38,623,356,4.841886116991581,12,1,3
20,39,340,454,4.587689437438234,15,1,3
20,40,397,486,4.635994505535973,20,1,3
20,41,523,321,4.75,10,1,3
20,42,280,632,4.730741759643275,5,1,3
20,43,513,326,4.683772233983162,11,1,3
20,44,459,626,4.525658350974743,6,1,3
20,45,512,510,4.776393202250022,14,1,3
20,46,396,434,4.8197224362268,16,1,3
20,47,341,412,4.8197224362268,12,1,3
20,48,560,574,4.888196601125011,12,1,3
20,49,382,418,4.888196601125011,14,1,3
20,50,356,791,0.0,1,0,3

