Iteration,Passenger_ID,X,Y,Utility,Neighbours,Interest
1,1,651,350,0.0,0,0,1
1,2,460,590,0.0,0,0,1
1,3,674,255,0.0,0,0,1
1,4,384,568,0.0,0,0,1
1,5,505,579,0.0,1,0,1
1,6,723,507,3.515917792034417,6,1,2
1,7,624,499,4.507557109910195,9,1,2
1,8,549,414,4.708452405257734,13,1,2
1,9,594,446,3.8489135566778665,15,1,2
1,10,649,435,2.8085392999188876,10,1,2
1,11,478,644,2.6951138856767782,7,1,2
1,12,616,553,3.3236945385759786,11,1,2
1,13,686,466,2.9493903345590122,7,1,2
1,14,419,711,0.0,2,0,2
1,15,571,485,3.1930689000407346,15,1,2
1,16,565,456,2.87397083745307,14,1,2
1,17,251,423,0.0,2,0,2
1,18,599,508,2.8068287800538694,10,1,2
1,19,366,419,3.8898198344412744,10,1,2
1,20,455,378,4.1097753092617575,15,1,2
1,21,455,477,4.95,13,1,2
1,22,480,424,3.3379229861405335,16,1,2
1,23,603,373,4.708452405257734,9,1,2
1,24,385,280,0.0,4,0,2
1,25,464,503,4.0447513412728595,13,1,2
1,26,307,585,0.0,5,0,2
1,27,407,346,4.683772233983162,10,1,2
1,28,325,816,0.0,0,0,2
1,29,652,616,3.969223593595585,6,1,2
1,30,593,516,3.232940295292771,11,1,2
1,31,478,556,4.497506218943956,17,1,3
1,32,525,673,3.529455883014726,11,1,3
1,33,320,692,0.0,2,0,3
1,34,595,293,4.8197224362268,7,1,3
1,35,538,438,2.42609246475325,14,1,3
1,36,435,480,4.069946238113086,16,1,3
1,37,554,384,4.477984674554472,8,1,3
1,38,402,430,4.497506218943956,10,1,3
1,39,364,459,3.2097486210031843,12,1,3
1,40,378,409,0.0,5,0,3
1,41,531,393,2.2939881744530384,9,1,3
1,42,555,553,3.1937608131811555,13,1,3
1,43,456,371,2.977007167585609,6,1,3
1,44,516,340,2.9384471871911693,7,1,3
1,45,303,627,4.505025253169417,6,1,3
1,46,594,496,3.6875595251593314,6,1,3
1,47,384,376,0.0,4,0,3
1,48,707,488,0.0,3,0,3
1,49,446,726,0.0,5,0,3
1,50,529,601,3.384450557859649,10,1,3

