Iteration,Vehicle_ID,X,Y,Utility,Capacity,Neighbours
10,0,696,701,0.0,1,0,1
10,1,607,461,3.6797254073489105,0,0,2
10,2,514,527,4.563393770085675,0,0,2
10,3,364,356,1.3376919845540023,0,0,2
10,4,598,532,2.446448551526718,0,0,2
10,5,458,796,1.3694869508566698,0,0,2
10,6,417,488,3.75,0,0,2
10,7,361,471,0.1656825714481677,0,0,2
10,8,378,632,2.217352879001723,0,0,2
10,9,450,490,3.7801127101244147,0,0,2
10,10,359,370,0.0,1,0,3

