Iteration,Vehicle_ID,X,Y,Utility,Capacity,Neighbours
10,0,510,354,0.0,1,0,1
10,1,445,467,2.699864134447706,0,0,2
10,2,345,277,1.604966863195589,0,0,2
10,3,309,470,2.6759410506615797,0,0,2
10,4,501,555,3.067061821992229,0,0,2
10,5,413,368,2.843034538987701,0,0,2
10,6,483,384,3.125,0,0,2
10,7,594,641,0.9670110339848436,0,0,2
10,8,409,733,2.4682022197655673,0,0,2
10,9,462,551,3.177055952586586,0,0,3
10,10,415,496,0.0,1,0,3

