Iteration,Vehicle_ID,X,Y,Utility,Capacity,Neighbours
10,0,596,514,0.0,1,0,1
10,1,748,203,0.0,1,0,2
10,2,642,472,4.3135234891127014,0,0,2
10,3,501,490,3.7113476031140125,0,0,2
10,4,670,226,0.0,1,0,2
10,5,355,522,2.0094941899404377,0,0,2
10,6,448,481,3.3788507163126527,0,0,2
10,7,557,371,0.0,1,0,2
10,8,525,606,0.0,1,0,3

