Iteration,Vehicle_ID,X,Y,Utility,Capacity,Neighbours
1,0,413,560,0.0,1,0,1
1,1,635,362,3.1278354773150947,0,0,2
1,2,601,276,2.4454697104947063,0,0,2
1,3,651,263,0.0,1,0,2
1,4,726,291,0.7707861250582276,0,0,2
1,5,468,441,2.3287409335670937,0,0,2
1,6,492,583,0.0,1,0,2
1,7,557,551,2.0318355840688342,0,0,2
1,8,431,549,0.0,1,0,3
1,9,448,648,0.0,1,0,3
1,10,494,309,0.0,1,0,3
1,11,474,537,0.0,1,0,3
1,12,289,434,0.0,1,0,3

