Iteration,Passenger_ID,X,Y,Utility,Neighbours,Interest
100,1,495,575,0.0,0,0,1
100,2,669,333,0.0,0,0,1
100,3,545,422,0.0,0,0,1
100,4,584,249,0.0,0,0,1
100,5,478,647,0.0,1,0,1
100,6,449,451,4.858578643762691,19,1,2
100,7,661,239,0.0,0,0,2
100,8,462,442,4.776393202250022,19,1,2
100,9,549,551,4.929289321881345,22,1,2
100,10,448,402,4.95,15,1,2
100,11,801,280,0.0,0,0,2
100,12,549,467,4.929289321881345,23,1,2
100,13,586,611,4.776393202250022,12,1,2
100,14,585,672,4.793844718719117,10,1,2
100,15,521,461,4.929289321881345,24,1,2
100,16,748,434,4.193774225170145,5,1,2
100,17,516,331,4.776393202250022,10,1,2
100,18,578,466,4.841886116991581,22,1,2
100,19,693,360,4.699999999999999,6,1,2
100,20,632,409,4.95,14,1,2
100,21,493,487,4.929289321881345,22,1,2
100,22,610,327,4.5968871125850725,9,1,2
100,23,519,514,4.95,20,1,2
100,24,408,506,4.929289321881345,14,1,2
100,25,566,597,4.793844718719117,20,1,2
100,26,414,564,4.776393202250022,17,1,2
100,27,505,397,4.929289321881345,18,1,2
100,28,581,743,4.745049024320361,4,1,2
100,29,568,640,4.929289321881345,15,1,2
100,30,688,498,4.664589803375032,9,1,2
100,31,562,624,4.841886116991581,14,1,3
100,32,480,512,4.888196601125011,23,1,3
100,33,501,678,4.75,11,1,3
100,34,252,655,0.0,1,0,3
100,35,415,646,4.6958618734850885,5,1,3
100,36,564,796,0.0,2,0,3
100,37,671,653,4.776393202250022,7,1,3
100,38,486,267,4.95,5,1,3
100,39,612,422,4.75,11,1,3
100,40,568,732,4.6958618734850885,6,1,3
100,41,662,615,4.75,8,1,3
100,42,691,415,4.841886116991581,8,1,3
100,43,497,493,4.888196601125011,19,1,3
100,44,545,431,4.95,17,1,3
100,45,652,484,4.858578643762691,11,1,3
100,46,163,461,0.0,0,0,3
100,47,554,603,4.95,15,1,3
100,48,560,492,4.929289321881345,20,1,3
100,49,763,593,4.65,3,1,3
100,50,337,288,3.607161172281588,6,1,3

