Iteration,Passenger_ID,X,Y,Utility,Neighbours,Interest
20,1,495,575,0.0,0,0,1
20,2,669,333,0.0,0,0,1
20,3,545,422,0.0,0,0,1
20,4,584,249,0.0,0,0,1
20,5,478,647,0.0,0,0,1
20,6,449,451,4.497506218943956,20,1,2
20,7,661,239,0.0,3,0,2
20,8,462,442,4.708452405257734,22,1,2
20,9,549,551,4.683772233983162,26,1,2
20,10,448,402,4.8197224362268,16,1,2
20,11,801,280,0.0,2,0,2
20,12,549,467,4.929289321881345,21,1,2
20,13,586,611,4.639444872453601,19,1,2
20,14,585,672,4.381534156157351,11,1,2
20,15,521,461,4.888196601125011,26,1,2
20,16,748,434,0.0,3,0,2
20,17,516,331,4.776393202250022,13,1,2
20,18,578,466,4.708452405257734,18,1,2
20,19,693,360,3.738057053587604,7,1,2
20,20,632,409,4.48521849295065,10,1,2
20,21,493,487,4.888196601125011,26,1,2
20,22,610,327,4.587689437438234,7,1,2
20,23,519,514,4.888196601125011,22,1,2
20,24,408,506,4.745049024320361,13,1,2
20,25,566,597,4.3199264745632275,20,1,2
20,26,414,564,4.367544467966324,12,1,2
20,27,505,397,4.447731949140637,19,1,2
20,28,581,743,0.0,5,0,2
20,29,568,640,4.841886116991581,16,1,2
20,30,688,498,4.1097753092617575,4,1,2
20,31,562,624,4.841886116991581,12,1,3
20,32,480,512,4.888196601125011,17,1,3
20,33,501,678,4.679843788128358,6,1,3
20,34,252,655,0.0,4,0,3
20,35,415,646,4.4147650044640185,5,1,3
20,36,564,796,0.0,1,0,3
20,37,671,653,4.139767473295737,7,1,3
20,38,486,267,4.525658350974743,2,1,3
20,39,612,422,4.75,15,1,3
20,40,568,732,3.7193751525134306,3,1,3
20,41,662,615,4.4409830056250525,12,1,3
20,42,691,415,4.679843788128358,8,1,3
20,43,497,493,4.888196601125011,16,1,3
20,44,545,431,4.552786404500042,14,1,3
20,45,652,484,4.6958618734850885,14,1,3
20,46,163,461,0.0,0,0,3
20,47,554,603,4.25,13,1,3
20,48,560,492,4.708452405257734,21,1,3
20,49,763,593,2.368460526611847,7,1,3
20,50,337,288,0.0,3,0,3

