Iteration,Passenger_ID,X,Y,Utility,Neighbours,Interest
100,1,580,427,0.0,0,0,1
100,2,527,809,0.0,0,0,1
100,3,665,716,0.0,0,0,1
100,4,538,235,0.0,0,0,1
100,5,337,425,0.0,0,0,1
100,6,425,629,4.841886116991581,17,1,2
100,7,461,459,4.841886116991581,22,1,2
100,8,473,504,4.858578643762691,27,1,2
100,9,464,587,4.841886116991581,20,1,2
100,10,309,555,4.858578643762691,4,1,2
100,11,533,540,4.95,26,1,2
100,12,706,478,4.8197224362268,9,1,2
100,13,521,548,4.85,24,1,2
100,14,349,658,4.888196601125011,8,1,2
100,15,616,660,4.699999999999999,6,1,2
100,16,484,626,4.929289321881345,16,1,2
100,17,415,538,4.776393202250022,18,1,2
100,18,562,392,4.888196601125011,13,1,2
100,19,399,668,4.75,12,1,2
100,20,430,405,4.793844718719117,19,1,2
100,21,536,780,3.25,4,1,2
100,22,587,480,4.95,21,1,2
100,23,620,484,4.888196601125011,21,1,2
100,24,388,704,4.683772233983162,10,1,2
100,25,468,447,4.95,18,1,2
100,26,392,365,4.9,13,1,2
100,27,365,432,4.888196601125011,18,1,2
100,28,467,504,4.888196601125011,26,1,2
100,29,374,653,4.929289321881345,9,1,2
100,30,414,440,4.9,24,1,2
100,31,573,559,4.929289321881345,18,1,3
100,32,565,570,4.85,18,1,3
100,33,357,511,4.858578643762691,17,1,3
100,34,511,569,4.8197224362268,17,1,3
100,35,412,345,4.888196601125011,8,1,3
100,36,457,343,4.929289321881345,12,1,3
100,37,522,466,4.929289321881345,19,1,3
100,38,640,544,4.8,12,1,3
100,39,596,483,4.85,17,1,3
100,40,340,538,4.708452405257734,16,1,3
100,41,529,507,4.929289321881345,22,1,3
100,42,399,368,4.95,13,1,3
100,43,531,497,4.858578643762691,24,1,3
100,44,522,408,4.95,20,1,3
100,45,391,482,4.888196601125011,18,1,3
100,46,457,395,4.8,17,1,3
100,47,749,244,0.0,0,0,3
100,48,414,474,4.929289321881345,17,1,3
100,49,490,341,4.888196601125011,12,1,3
100,50,528,708,4.858578643762691,8,1,3

