Iteration,Passenger_ID,X,Y,Utility,Neighbours,Interest
1,1,397,497,0.0,0,0,1
1,2,636,387,0.0,0,0,1
1,3,454,399,0.0,0,0,1
1,4,771,514,0.0,0,0,1
1,5,436,369,0.0,0,0,1
1,6,654,864,0.0,0,0,2
1,7,274,388,0.0,3,0,2
1,8,558,499,4.888196601125011,19,1,2
1,9,706,553,0.0,1,0,2
1,10,516,446,4.289366479822405,17,1,2
1,11,318,619,0.0,2,0,2
1,12,388,450,3.3859987608431026,11,1,2
1,13,560,456,4.256696562634074,19,1,2
1,14,356,518,4.248335181081354,6,1,2
1,15,234,409,0.0,3,0,2
1,16,563,693,0.0,5,0,2
1,17,403,362,4.395847701320271,9,1,2
1,18,482,659,4.098612181134003,6,1,2
1,19,582,554,4.0780455542707115,12,1,2
1,20,503,455,3.6875595251593314,18,1,2
1,21,474,420,4.572799812734123,15,1,2
1,22,491,589,3.430764517352478,16,1,2
1,23,493,483,4.635994505535973,20,1,2
1,24,535,606,3.6053674319018647,14,1,2
1,25,278,614,0.0,2,0,2
1,26,341,529,3.38754845034029,7,1,2
1,27,560,736,0.0,3,0,2
1,28,384,443,1.7871352347165315,10,1,2
1,29,677,614,0.0,1,0,2
1,30,531,711,0.0,5,0,2
1,31,119,453,0.0,0,0,3
1,32,531,466,3.4499999999999997,16,1,3
1,33,328,329,0.0,3,0,3
1,34,430,513,3.546555814625137,13,1,3
1,35,430,631,4.3480797594797345,6,1,3
1,36,517,665,2.8529089446416114,9,1,3
1,37,627,456,4.292893218813452,11,1,3
1,38,495,375,4.359687576256715,9,1,3
1,39,656,615,2.561762931952678,7,1,3
1,40,383,737,0.0,3,0,3
1,41,408,825,0.0,1,0,3
1,42,504,573,3.832738247007125,8,1,3
1,43,513,287,0.0,5,0,3
1,44,454,560,2.649468145291368,10,1,3
1,45,542,300,0.0,5,0,3
1,46,320,493,4.145599625468247,10,1,3
1,47,784,511,0.0,4,0,3
1,48,386,340,4.26175884698833,7,1,3
1,49,453,398,4.284108946836182,14,1,3
1,50,543,496,3.725245121601804,17,1,3

