Iteration,Passenger_ID,X,Y,Utility,Neighbours,Interest
100,1,448,579,0.0,0,0,1
100,2,410,460,0.0,0,0,1
100,3,351,431,0.0,0,0,1
100,4,466,476,0.0,0,0,1
100,5,469,393,0.0,0,0,1
100,6,543,378,4.888196601125011,17,1,2
100,7,570,567,4.8197224362268,23,1,2
100,8,431,669,4.8197224362268,6,1,2
100,9,631,360,4.9,9,1,2
100,10,648,757,4.888196601125011,2,1,2
100,11,630,641,4.745049024320361,10,1,2
100,12,460,614,4.9,13,1,2
100,13,440,387,4.888196601125011,10,1,2
100,14,265,358,0.0,3,0,2
100,15,210,363,0.0,1,0,2
100,16,395,540,4.888196601125011,16,1,2
100,17,549,411,4.858578643762691,23,1,2
100,18,571,498,4.95,24,1,2
100,19,499,384,4.888196601125011,14,1,2
100,20,452,323,4.888196601125011,10,1,2
100,21,571,464,4.858578643762691,22,1,2
100,22,639,608,4.95,12,1,2
100,23,517,419,4.8197224362268,20,1,2
100,24,83,599,0.0,0,0,2
100,25,610,513,4.929289321881345,22,1,2
100,26,514,264,4.858578643762691,7,1,2
100,27,579,346,4.858578643762691,15,1,2
100,28,392,223,3.204867692898376,3,1,2
100,29,355,307,4.477984674554472,5,1,2
100,30,523,388,4.8,17,1,2
100,31,482,548,4.888196601125011,21,1,3
100,32,499,645,4.888196601125011,13,1,3
100,33,253,476,4.5968871125850725,3,1,3
100,34,506,548,4.85,24,1,3
100,35,472,402,4.793844718719117,13,1,3
100,36,434,593,4.929289321881345,16,1,3
100,37,525,494,4.9,22,1,3
100,38,635,589,4.793844718719117,10,1,3
100,39,572,433,4.888196601125011,17,1,3
100,40,352,688,4.646446609406726,2,1,3
100,41,421,454,4.929289321881345,11,1,3
100,42,517,399,4.888196601125011,14,1,3
100,43,554,528,5.0,23,1,3
100,44,554,212,4.745049024320361,6,1,3
100,45,664,604,4.745049024320361,11,1,3
100,46,517,552,4.793844718719117,24,1,3
100,47,486,374,4.75,12,1,3
100,48,603,417,4.776393202250022,13,1,3
100,49,687,466,4.664589803375032,11,1,3
100,50,596,519,4.776393202250022,19,1,3

