Iteration,Vehicle_ID,X,Y,Utility,Capacity,Neighbours
10,0,260,460,0.0,1,0,1
10,1,507,527,2.843034538987701,0,0,2
10,2,389,413,1.2887838920375436,0,0,2
10,3,603,218,1.3999131954909758,0,0,2
10,4,494,597,3.2279954853330652,0,0,2
10,5,653,581,3.9532789292270842,0,0,2
10,6,269,679,1.9047415293710932,0,0,2
10,7,647,644,1.6002757464758999,0,0,2
10,8,619,470,3.5235176939766606,0,0,2
10,9,373,464,1.5196084990334782,0,0,2
10,10,357,756,0.0,1,0,2
10,11,240,270,0.0,1,0,3

