Iteration,Passenger_ID,X,Y,Utility,Neighbours,Interest
100,1,698,448,0.0,0,0,1
100,2,525,467,0.0,0,0,1
100,3,451,426,0.0,1,0,1
100,4,396,259,0.0,0,0,1
100,5,680,583,0.0,0,0,1
100,6,359,696,4.539022777135356,6,1,2
100,7,581,537,4.888196601125011,22,1,2
100,8,469,336,4.841886116991581,16,1,2
100,9,538,613,5.0,24,1,2
100,10,589,167,0.0,0,0,2
100,11,481,386,4.95,17,1,2
100,12,671,469,4.858578643762691,10,1,2
100,13,697,683,4.373501795692917,5,1,2
100,14,539,679,4.75,13,1,2
100,15,462,542,4.8197224362268,12,1,2
100,16,613,593,4.793844718719117,21,1,2
100,17,618,619,4.841886116991581,20,1,2
100,18,356,696,4.4409830056250525,6,1,2
100,19,291,446,4.95,5,1,2
100,20,626,661,4.929289321881345,14,1,2
100,21,646,612,4.646446609406726,16,1,2
100,22,606,486,4.929289321881345,19,1,2
100,23,513,644,4.929289321881345,15,1,2
100,24,630,583,4.888196601125011,20,1,2
100,25,470,292,4.841886116991581,11,1,2
100,26,548,586,4.8,24,1,2
100,27,567,464,4.888196601125011,16,1,2
100,28,500,328,4.6958618734850885,15,1,2
100,29,463,593,4.85,16,1,2
100,30,453,477,4.95,10,1,2
100,31,586,365,4.95,15,1,3
100,32,431,497,4.929289321881345,19,1,3
100,33,524,451,4.8,22,1,3
100,34,743,672,0.0,3,0,3
100,35,193,396,0.0,1,0,3
100,36,420,362,4.888196601125011,13,1,3
100,37,557,331,4.787867965644035,13,1,3
100,38,522,171,0.0,1,0,3
100,39,266,494,4.708452405257734,1,1,3
100,40,581,320,4.841886116991581,13,1,3
100,41,383,458,4.888196601125011,14,1,3
100,42,337,667,4.929289321881345,6,1,3
100,43,465,613,4.9,12,1,3
100,44,466,658,4.8,7,1,3
100,45,453,439,4.929289321881345,25,1,3
100,46,548,735,4.717157287525381,4,1,3
100,47,451,400,4.929289321881345,23,1,3
100,48,418,590,4.929289321881345,14,1,3
100,49,441,369,4.888196601125011,15,1,3
100,50,650,423,4.841886116991581,9,1,3

