Iteration,Vehicle_ID,X,Y,Utility,Capacity,Neighbours
10,0,294,735,0.0,1,0,1
10,1,550,369,2.5461764529616233,0,0,2
10,2,602,460,3.722306766081936,0,0,2
10,3,769,375,0.0,1,0,2
10,4,354,423,2.6665476220843933,0,0,2
10,5,541,619,2.081845617517812,0,0,2
10,6,759,649,2.4995000499900026,0,0,2
10,7,523,524,1.1492695498126595,0,0,2
10,8,432,485,4.362622560800903,0,0,2
10,9,762,736,0.0,1,0,2
10,10,482,557,3.907983516607922,0,0,2
10,11,589,653,0.0,1,0,3

