Iteration,Passenger_ID,X,Y,Utility,Neighbours,Interest
40,1,385,446,0.0,0,0,1
40,2,453,629,0.0,0,0,1
40,3,409,627,0.0,0,0,1
40,4,388,466,0.0,0,0,1
40,5,398,744,0.0,0,0,1
40,6,620,435,4.841886116991581,15,1,2
40,7,384,342,4.539022777135356,8,1,2
40,8,561,399,4.841886116991581,19,1,2
40,9,554,350,4.619211344706804,13,1,2
40,10,370,367,4.575735931288072,7,1,2
40,11,440,571,4.858578643762691,23,1,2
40,12,560,524,4.929289321881345,17,1,2
40,13,479,392,4.793844718719117,19,1,2
40,14,307,568,4.429912287450431,10,1,2
40,15,467,631,4.841886116991581,15,1,2
40,16,397,640,4.717157287525381,12,1,2
40,17,473,308,4.468492709363268,11,1,2
40,18,566,547,4.8,19,1,2
40,19,836,454,0.0,0,0,2
40,20,690,679,4.139767473295737,5,1,2
40,21,461,390,4.745049024320361,20,1,2
40,22,529,411,4.8197224362268,20,1,2
40,23,611,440,4.8,14,1,2
40,24,391,590,4.858578643762691,18,1,2
40,25,421,563,4.888196601125011,24,1,2
40,26,606,640,4.639444872453601,11,1,2
40,27,488,420,4.75,23,1,2
40,28,640,161,0.0,1,0,2
40,29,421,381,4.776393202250022,16,1,2
40,30,443,550,4.85,24,1,2
40,31,399,450,5.0,23,1,3
40,32,561,646,4.929289321881345,8,1,3
40,33,495,413,4.888196601125011,25,1,3
40,34,539,605,4.858578643762691,18,1,3
40,35,398,786,0.0,0,0,3
40,36,328,540,4.858578643762691,9,1,3
40,37,482,475,4.841886116991581,28,1,3
40,38,594,503,4.75,16,1,3
40,39,407,508,5.0,22,1,3
40,40,542,407,4.841886116991581,24,1,3
40,41,595,629,4.929289321881345,10,1,3
40,42,535,335,4.730741759643275,16,1,3
40,43,409,399,4.929289321881345,20,1,3
40,44,528,364,4.776393202250022,21,1,3
40,45,332,335,3.881966011250105,5,1,3
40,46,571,548,4.9,16,1,3
40,47,550,433,4.745049024320361,24,1,3
40,48,172,478,0.0,0,0,3
40,49,557,435,4.858578643762691,23,1,3
40,50,367,596,4.8197224362268,10,1,3

