Iteration,Passenger_ID,X,Y,Utility,Neighbours,Interest
80,1,465,513,0.0,0,0,1
80,2,613,595,0.0,1,0,1
80,3,606,610,0.0,1,0,1
80,4,498,402,0.0,0,0,1
80,5,291,422,0.0,0,0,1
80,6,371,506,4.9,14,1,2
80,7,506,677,4.699999999999999,14,1,2
80,8,568,399,4.745049024320361,15,1,2
80,9,422,580,4.85,20,1,2
80,10,368,551,4.793844718719117,18,1,2
80,11,717,528,4.95,11,1,2
80,12,365,507,4.929289321881345,14,1,2
80,13,460,654,4.8197224362268,19,1,2
80,14,572,296,4.664589803375032,9,1,2
80,15,605,394,4.841886116991581,12,1,2
80,16,541,704,4.609487516204668,13,1,2
80,17,686,571,4.717157287525381,11,1,2
80,18,248,520,4.776393202250022,3,1,2
80,19,732,521,4.85,11,1,2
80,20,159,443,0.0,2,0,2
80,21,690,476,4.95,9,1,2
80,22,583,330,4.9,9,1,2
80,23,509,527,4.858578643762691,18,1,2
80,24,609,594,4.85,13,1,2
80,25,781,458,4.395847701320271,8,1,2
80,26,548,654,4.841886116991581,17,1,2
80,27,406,585,4.858578643762691,19,1,2
80,28,686,530,4.8,10,1,2
80,29,395,344,4.730741759643275,7,1,2
80,30,427,594,4.929289321881345,18,1,2
80,31,666,548,4.841886116991581,10,1,3
80,32,344,238,0.0,1,0,3
80,33,362,548,4.793844718719117,15,1,3
80,34,296,503,4.841886116991581,11,1,3
80,35,635,461,4.95,9,1,3
80,36,509,580,4.929289321881345,24,1,3
80,37,278,596,4.35,5,1,3
80,38,673,672,4.85,8,1,3
80,39,592,393,4.858578643762691,9,1,3
80,40,619,333,4.75,6,1,3
80,41,491,455,4.929289321881345,15,1,3
80,42,498,350,4.888196601125011,8,1,3
80,43,381,593,4.8197224362268,15,1,3
80,44,469,404,4.9,11,1,3
80,45,441,487,4.793844718719117,19,1,3
80,46,366,411,4.745049024320361,10,1,3
80,47,268,472,4.787867965644035,8,1,3
80,48,234,631,4.619211344706804,2,1,3
80,49,464,604,4.793844718719117,25,1,3
80,50,474,309,4.9,7,1,3

