Iteration,Vehicle_ID,X,Y,Utility,Capacity,Neighbours
10,0,545,259,0.0,1,0,1
10,1,625,651,1.886119783935162,0,0,2
10,2,475,451,3.6599906716742603,0,0,2
10,3,536,403,2.876765439241345,0,0,2
10,4,380,637,1.748750240292204,0,0,2
10,5,556,768,0.6339377008567546,0,0,2
10,6,304,486,3.484867992549824,0,0,2
10,7,213,508,0.9934428744868746,0,0,2
10,8,416,523,4.26175884698833,0,0,2
10,9,465,451,3.2149929972126157,0,0,2
10,10,535,705,4.019885210804366,0,0,2
10,11,735,438,0.0,1,0,3

