Iteration,Vehicle_ID,X,Y,Utility,Capacity,Neighbours
5,0,337,596,0.0,1,0,1
5,1,883,536,0.0,1,0,2
5,2,471,538,0.8665238599938668,0,0,2
5,3,448,548,4.5493060905670015,0,0,2
5,4,540,435,2.66266711827348,0,0,2
5,5,345,672,0.6747109923150801,0,0,2
5,6,455,259,0.12916844881697856,0,0,2
5,7,585,592,3.3203422967759173,0,0,2
5,8,513,639,4.062916759300434,0,0,2
5,9,605,560,3.7739800164760773,0,0,2
5,10,512,385,0.691868154292397,0,0,2
5,11,596,607,0.0,1,0,3
5,12,332,386,0.0,1,0,3
5,13,296,557,0.0,1,0,3

