Iteration,Vehicle_ID,X,Y,Utility,Capacity,Neighbours
5,0,545,386,0.0,1,0,1
5,1,432,413,0.19583514021427462,0,0,2
5,2,615,491,3.708440864691051,0,0,2
5,3,697,554,1.6874292460386597,0,0,2
5,4,610,703,1.6698348389306574,0,0,2
5,5,338,604,3.7808814659763392,0,0,2
5,6,556,678,2.078955666204294,0,0,2
5,7,539,437,1.4985717199976802,0,0,2
5,8,532,520,3.982343378147619,0,0,2
5,9,483,418,4.5,0,0,3
5,10,331,20,0.0,1,0,3
5,11,499,677,0.0,1,0,3

