Iteration,Vehicle_ID,X,Y,Utility,Capacity,Neighbours
1,0,305,597,0.0,1,0,1
1,1,467,550,3.1084067561973057,0,0,2
1,2,405,630,3.4741805480332872,0,0,2
1,3,561,510,3.9553708792111912,0,0,2
1,4,353,469,2.06018708078218,0,0,2
1,5,406,477,2.1184856411948942,0,0,2
1,6,670,416,0.06834206376800722,0,0,2
1,7,599,554,3.758780841269359,0,0,2
1,8,352,299,0.0,1,0,3
1,9,625,538,0.0,1,0,3
1,10,542,516,0.0,1,0,3
1,11,531,462,0.0,1,0,3
1,12,449,442,0.0,1,0,3

