Iteration,Passenger_ID,X,Y,Utility,Neighbours,Interest
60,1,624,200,0.0,0,0,1
60,2,502,574,0.0,1,0,1
60,3,594,527,0.0,1,0,1
60,4,570,576,0.0,1,0,1
60,5,381,494,0.0,0,0,1
60,6,498,608,4.95,20,1,2
60,7,349,508,4.95,11,1,2
60,8,590,447,4.95,21,1,2
60,9,309,753,0.0,0,0,2
60,10,393,348,4.888196601125011,9,1,2
60,11,538,551,4.95,26,1,2
60,12,596,505,4.635994505535973,23,1,2
60,13,533,572,4.85,20,1,2
60,14,417,444,4.858578643762691,19,1,2
60,15,507,745,4.19843902290593,4,1,2
60,16,521,682,4.745049024320361,10,1,2
60,17,382,578,4.793844718719117,15,1,2
60,18,531,918,0.0,0,0,2
60,19,479,430,4.730741759643275,25,1,2
60,20,293,307,4.619211344706804,5,1,2
60,21,493,522,4.858578643762691,30,1,2
60,22,565,414,4.699999999999999,23,1,2
60,23,636,343,5.0,7,1,2
60,24,456,535,4.929289321881345,28,1,2
60,25,371,339,4.572799812734123,10,1,2
60,26,524,313,4.776393202250022,4,1,2
60,27,305,458,4.888196601125011,7,1,2
60,28,540,471,4.8197224362268,31,1,2
60,29,278,735,0.0,0,0,2
60,30,631,552,4.8197224362268,12,1,2
60,31,547,516,4.858578643762691,22,1,3
60,32,475,461,4.888196601125011,18,1,3
60,33,628,497,4.75,15,1,3
60,34,393,795,0.0,0,0,3
60,35,548,391,4.888196601125011,13,1,3
60,36,465,203,0.0,1,0,3
60,37,533,365,4.776393202250022,13,1,3
60,38,431,477,4.787867965644035,19,1,3
60,39,547,500,4.8197224362268,20,1,3
60,40,501,343,4.8197224362268,10,1,3
60,41,406,495,4.888196601125011,19,1,3
60,42,547,608,4.929289321881345,15,1,3
60,43,602,506,4.888196601125011,16,1,3
60,44,393,554,4.683772233983162,17,1,3
60,45,187,514,0.0,1,0,3
60,46,567,456,4.929289321881345,20,1,3
60,47,301,344,4.373501795692917,3,1,3
60,48,621,480,4.841886116991581,13,1,3
60,49,594,433,4.75,18,1,3
60,50,347,783,0.0,0,0,3

