Iteration,Passenger_ID,X,Y,Utility,Neighbours,Interest
40,1,708,319,0.0,0,0,1
40,2,591,529,0.0,0,0,1
40,3,636,522,0.0,0,0,1
40,4,459,580,0.0,0,0,1
40,5,491,551,0.0,0,0,1
40,6,443,518,4.929289321881345,19,1,2
40,7,354,542,4.54723074309313,14,1,2
40,8,609,559,4.793844718719117,19,1,2
40,9,502,601,4.929289321881345,16,1,2
40,10,567,616,4.75,18,1,2
40,11,473,363,4.609487516204668,12,1,2
40,12,634,357,4.539022777135356,2,1,2
40,13,529,480,4.776393202250022,17,1,2
40,14,652,675,4.8,9,1,2
40,15,545,534,4.85,22,1,2
40,16,561,540,4.787867965644035,21,1,2
40,17,428,587,4.9,10,1,2
40,18,542,418,4.95,10,1,2
40,19,558,656,4.95,12,1,2
40,20,391,439,4.730741759643275,16,1,2
40,21,270,628,0.0,2,0,2
40,22,398,780,0.0,1,0,2
40,23,483,375,4.525658350974743,15,1,2
40,24,306,240,0.0,1,0,2
40,25,664,527,4.8197224362268,9,1,2
40,26,647,657,4.841886116991581,12,1,2
40,27,630,576,4.9,18,1,2
40,28,387,528,4.539022777135356,18,1,2
40,29,439,300,4.858578643762691,11,1,2
40,30,345,514,4.888196601125011,15,1,2
40,31,512,553,4.929289321881345,17,1,3
40,32,540,409,4.841886116991581,16,1,3
40,33,606,521,4.745049024320361,15,1,3
40,34,533,462,4.679843788128358,20,1,3
40,35,620,408,4.745049024320361,12,1,3
40,36,625,491,4.929289321881345,15,1,3
40,37,478,758,4.0447513412728595,6,1,3
40,38,806,449,0.0,2,0,3
40,39,500,521,4.587689437438234,19,1,3
40,40,436,540,4.635994505535973,17,1,3
40,41,459,485,4.8197224362268,20,1,3
40,42,43,560,0.0,0,0,3
40,43,574,611,4.793844718719117,11,1,3
40,44,424,444,4.730741759643275,18,1,3
40,45,381,420,4.776393202250022,13,1,3
40,46,468,506,4.8197224362268,18,1,3
40,47,588,566,4.4409830056250525,13,1,3
40,48,400,581,4.888196601125011,10,1,3
40,49,520,419,4.730741759643275,20,1,3
40,50,573,326,4.619211344706804,5,1,3

