Iteration,Vehicle_ID,X,Y,Utility,Capacity,Neighbours
1,0,317,686,0.0,1,0,1
1,1,645,629,0.0,1,0,2
1,2,560,378,1.3267010739663454,0,0,2
1,3,704,685,0.0,1,0,2
1,4,447,458,2.2376414063340726,0,0,2
1,5,323,553,0.0,1,0,2
1,6,612,523,2.3193983884209874,0,0,2
1,7,340,579,0.0,1,0,2
1,8,586,499,0.0,1,0,3
1,9,540,447,0.0,1,0,3
1,10,608,474,0.0,1,0,3
1,11,612,561,0.0,1,0,3
1,12,465,550,0.0,1,0,3

