Iteration,Passenger_ID,X,Y,Utility,Neighbours,Interest
80,1,639,724,0.0,0,0,1
80,2,487,454,0.0,1,0,1
80,3,679,451,0.0,0,0,1
80,4,653,651,0.0,0,0,1
80,5,715,461,0.0,0,0,1
80,6,731,430,4.793844718719117,4,1,2
80,7,674,371,4.793844718719117,4,1,2
80,8,457,760,4.929289321881345,4,1,2
80,9,660,466,4.929289321881345,12,1,2
80,10,308,452,4.929289321881345,6,1,2
80,11,396,539,4.787867965644035,19,1,2
80,12,658,505,4.75,13,1,2
80,13,542,474,4.929289321881345,24,1,2
80,14,324,613,4.569883736647869,10,1,2
80,15,472,456,4.888196601125011,25,1,2
80,16,465,390,4.888196601125011,18,1,2
80,17,415,576,4.75,22,1,2
80,18,453,430,4.888196601125011,25,1,2
80,19,768,291,0.0,0,0,2
80,20,484,555,4.888196601125011,25,1,2
80,21,554,602,4.9,18,1,2
80,22,520,484,4.841886116991581,28,1,2
80,23,521,449,4.95,27,1,2
80,24,449,342,4.776393202250022,9,1,2
80,25,566,321,4.75,10,1,2
80,26,437,567,4.8197224362268,24,1,2
80,27,291,453,4.8197224362268,5,1,2
80,28,534,549,4.888196601125011,24,1,2
80,29,523,523,4.787867965644035,23,1,2
80,30,367,443,4.793844718719117,14,1,2
80,31,608,784,0.0,2,0,3
80,32,552,352,4.787867965644035,7,1,3
80,33,408,259,4.619211344706804,4,1,3
80,34,680,639,4.8197224362268,6,1,3
80,35,368,343,4.683772233983162,8,1,3
80,36,482,453,4.929289321881345,22,1,3
80,37,545,478,4.858578643762691,26,1,3
80,38,470,694,4.929289321881345,8,1,3
80,39,680,605,4.841886116991581,8,1,3
80,40,512,703,4.5968871125850725,9,1,3
80,41,472,482,4.858578643762691,24,1,3
80,42,527,476,4.888196601125011,24,1,3
80,43,487,676,4.858578643762691,8,1,3
80,44,610,545,4.888196601125011,17,1,3
80,45,590,667,4.708452405257734,8,1,3
80,46,532,461,4.888196601125011,22,1,3
80,47,701,372,4.679843788128358,7,1,3
80,48,366,399,4.888196601125011,9,1,3
80,49,444,831,0.0,0,0,3
80,50,607,689,4.730741759643275,5,1,3

