Iteration,Vehicle_ID,X,Y,Utility,Capacity,Neighbours
10,0,440,474,0.0,1,0,1
10,1,550,572,3.5133931252681494,0,0,2
10,2,538,530,0.08649819375224013,0,0,2
10,3,532,360,1.675845972281068,0,0,2
10,4,532,701,4.227827739425974,0,0,2
10,5,576,668,1.6157534073297788,0,0,2
10,6,786,546,1.638452737205678,0,0,2
10,7,601,353,2.7019029611437206,0,0,2
10,8,665,529,3.6712317734081683,0,0,2
10,9,655,470,2.518820844840099,0,0,2
10,10,490,405,4.532961457693265,0,0,2
10,11,343,521,0.0,1,0,3

