Iteration,Vehicle_ID,X,Y,Utility,Capacity,Neighbours
1,0,570,472,0.0,1,0,1
1,1,553,440,2.477600348874112,0,0,2
1,2,488,627,1.053720106226625,0,0,2
1,3,588,525,2.0099122086467096,0,0,2
1,4,538,311,0.0,1,0,2
1,5,563,340,2.1698056603830187,0,0,2
1,6,388,621,0.0,1,0,2
1,7,542,550,2.5893465616144655,0,0,2
1,8,919,635,0.0,1,0,3
1,9,639,756,0.0,1,0,3
1,10,486,468,0.0,1,0,3
1,11,469,274,0.0,1,0,3
1,12,544,319,0.0,1,0,3

