Iteration,Passenger_ID,X,Y,Utility,Neighbours,Interest
100,1,581,652,0.0,0,0,1
100,2,400,535,0.0,0,0,1
100,3,397,512,0.0,0,0,1
100,4,707,496,0.0,0,0,1
100,5,274,465,0.0,0,0,1
100,6,572,528,4.776393202250022,20,1,2
100,7,317,608,4.9,6,1,2
100,8,711,449,4.717157287525381,8,1,2
100,9,426,445,4.9,23,1,2
100,10,320,513,4.85,6,1,2
100,11,438,426,4.793844718719117,23,1,2
100,12,469,411,4.85,22,1,2
100,13,523,685,4.679843788128358,9,1,2
100,14,551,675,4.888196601125011,10,1,2
100,15,654,535,4.888196601125011,11,1,2
100,16,403,698,4.793844718719117,9,1,2
100,17,487,634,4.717157287525381,18,1,2
100,18,355,492,4.95,10,1,2
100,19,608,417,4.75,12,1,2
100,20,377,268,4.888196601125011,6,1,2
100,21,632,435,4.95,13,1,2
100,22,438,585,4.929289321881345,15,1,2
100,23,574,267,4.587689437438234,1,1,2
100,24,621,424,4.8197224362268,12,1,2
100,25,622,482,4.776393202250022,19,1,2
100,26,575,440,4.841886116991581,15,1,2
100,27,548,600,4.793844718719117,20,1,2
100,28,484,396,4.8,20,1,2
100,29,485,375,4.888196601125011,19,1,2
100,30,648,545,4.95,11,1,2
100,31,430,598,4.776393202250022,17,1,3
100,32,523,610,4.793844718719117,20,1,3
100,33,674,734,0.0,0,0,3
100,34,704,370,4.699999999999999,10,1,3
100,35,590,319,4.8197224362268,11,1,3
100,36,404,417,4.730741759643275,9,1,3
100,37,444,314,4.929289321881345,8,1,3
100,38,153,423,0.0,0,0,3
100,39,457,585,4.841886116991581,21,1,3
100,40,450,556,4.95,19,1,3
100,41,554,573,4.929289321881345,19,1,3
100,42,266,605,4.5968871125850725,5,1,3
100,43,441,417,4.776393202250022,8,1,3
100,44,490,495,5.0,15,1,3
100,45,552,490,4.95,14,1,3
100,46,523,314,4.717157287525381,8,1,3
100,47,619,551,4.9,18,1,3
100,48,491,738,4.888196601125011,9,1,3
100,49,530,347,4.8197224362268,8,1,3
100,50,628,392,4.75,9,1,3

