Iteration,Vehicle_ID,X,Y,Utility,Capacity,Neighbours
1,0,426,693,0.0,1,0,1
1,1,439,502,3.239140834705967,0,0,2
1,2,503,336,2.6967414387437962,0,0,2
1,3,526,398,4.596112639464912,0,0,2
1,4,415,635,1.1217755351191963,0,0,2
1,5,530,305,0.42711797659287926,0,0,2
1,6,563,435,4.398959235991435,0,0,2
1,7,636,444,3.23064277207795,0,0,2
1,8,531,611,0.0,1,0,3
1,9,412,408,0.0,1,0,3
1,10,366,500,0.0,1,0,3
1,11,352,393,0.0,1,0,3
1,12,400,377,0.0,1,0,3

