Iteration,Passenger_ID,X,Y,Utility,Neighbours,Interest
100,1,681,424,0.0,0,0,1
100,2,385,612,0.0,0,0,1
100,3,583,634,0.0,0,0,1
100,4,471,519,0.0,0,0,1
100,5,391,398,0.0,0,0,1
100,6,392,240,0.0,2,0,2
100,7,570,621,4.793844718719117,10,1,2
100,8,310,322,4.3291796067500625,2,1,2
100,9,609,623,4.9,8,1,2
100,10,618,539,4.95,11,1,2
100,11,523,245,4.635994505535973,5,1,2
100,12,497,321,4.8197224362268,9,1,2
100,13,496,430,4.85,19,1,2
100,14,376,507,4.858578643762691,13,1,2
100,15,367,510,4.85,12,1,2
100,16,509,505,4.95,22,1,2
100,17,477,624,4.888196601125011,12,1,2
100,18,499,880,0.0,1,0,2
100,19,534,756,0.0,2,0,2
100,20,719,760,0.0,1,0,2
100,21,405,532,4.858578643762691,17,1,2
100,22,642,483,4.75,14,1,2
100,23,593,195,0.0,1,0,2
100,24,401,826,0.0,1,0,2
100,25,272,519,4.8197224362268,7,1,2
100,26,564,538,4.9,19,1,2
100,27,435,410,4.888196601125011,12,1,2
100,28,415,165,0.0,0,0,2
100,29,618,427,4.587689437438234,13,1,2
100,30,613,515,4.888196601125011,10,1,2
100,31,505,460,4.95,17,1,3
100,32,608,177,0.0,0,0,3
100,33,475,597,4.95,18,1,3
100,34,668,712,0.0,2,0,3
100,35,398,529,4.787867965644035,8,1,3
100,36,508,767,4.679843788128358,2,1,3
100,37,577,419,4.85,11,1,3
100,38,513,645,4.793844718719117,13,1,3
100,39,483,219,0.0,1,0,3
100,40,558,753,4.609487516204668,4,1,3
100,41,437,533,4.888196601125011,10,1,3
100,42,269,552,4.9,1,1,3
100,43,474,634,4.929289321881345,12,1,3
100,44,556,486,4.841886116991581,17,1,3
100,45,395,311,4.858578643762691,5,1,3
100,46,518,424,4.888196601125011,14,1,3
100,47,606,529,4.708452405257734,17,1,3
100,48,527,651,4.9,14,1,3
100,49,596,600,4.888196601125011,15,1,3
100,50,781,651,0.0,0,0,3

