Iteration,Vehicle_ID,X,Y,Utility,Capacity,Neighbours
5,0,339,738,0.0,1,0,1
5,1,533,534,4.2011727345664776,0,0,2
5,2,529,559,2.8927209487113483,0,0,2
5,3,304,329,0.06536475512120532,0,0,2
5,4,510,649,2.968221222672114,0,0,2
5,5,676,358,0.0,1,0,2
5,6,449,403,3.3778871802491666,0,0,2
5,7,659,726,0.2696458906335565,0,0,2
5,8,552,588,1.9022185357904924,0,0,2
5,9,344,276,0.0,1,0,2
5,10,452,539,0.0,1,0,3
5,11,805,236,0.0,1,0,3
5,12,473,409,0.0,1,0,3
5,13,668,662,1.7537521659614463,0,0,3

