Iteration,Vehicle_ID,X,Y,Utility,Capacity,Neighbours
10,0,225,673,0.0,1,0,1
10,1,484,530,4.278456515516909,0,0,2
10,2,473,364,2.952898390406573,0,0,2
10,3,688,397,4.074999999999999,0,0,2
10,4,549,449,3.0860707954576796,0,0,2
10,5,654,429,4.494406289596082,0,0,2
10,6,755,616,1.4853876458420054,0,0,2
10,7,817,491,0.5253491756339244,0,0,2
10,8,534,426,3.758780841269359,0,0,2
10,9,239,403,0.0,1,0,3

