Iteration,Passenger_ID,X,Y,Utility,Neighbours,Interest
20,1,637,426,0.0,0,0,1
20,2,341,552,0.0,1,0,1
20,3,483,591,0.0,1,0,1
20,4,598,540,0.0,0,0,1
20,5,367,440,0.0,0,0,1
20,6,277,558,4.14853068170368,5,1,2
20,7,673,400,4.038230796916434,7,1,2
20,8,589,524,4.575735931288072,14,1,2
20,9,370,579,4.4409830056250525,15,1,2
20,10,293,452,4.050000000000001,7,1,2
20,11,429,675,4.730741759643275,15,1,2
20,12,430,381,4.52830094339717,8,1,2
20,13,383,630,4.25,13,1,2
20,14,455,482,4.5968871125850725,16,1,2
20,15,512,619,4.841886116991581,25,1,2
20,16,573,623,4.6958618734850885,16,1,2
20,17,474,586,4.888196601125011,26,1,2
20,18,432,645,4.841886116991581,23,1,2
20,19,490,622,4.8197224362268,26,1,2
20,20,534,599,5.0,22,1,2
20,21,633,517,4.708452405257734,10,1,2
20,22,461,580,4.635994505535973,29,1,2
20,23,229,593,0.0,5,0,2
20,24,557,295,4.730741759643275,9,1,2
20,25,556,589,4.708452405257734,22,1,2
20,26,662,504,4.75,10,1,2
20,27,258,600,4.3480797594797345,5,1,2
20,28,594,499,4.929289321881345,12,1,2
20,29,330,661,4.635994505535973,6,1,2
20,30,670,453,4.327318797646315,10,1,2
20,31,272,615,4.46148351928655,4,1,3
20,32,581,496,4.646446609406726,20,1,3
20,33,539,410,4.793844718719117,16,1,3
20,34,354,460,4.858578643762691,9,1,3
20,35,559,597,4.730741759643275,19,1,3
20,36,851,572,0.0,0,0,3
20,37,440,639,4.429912287450431,7,1,3
20,38,641,500,4.683772233983162,14,1,3
20,39,361,597,4.679843788128358,5,1,3
20,40,477,539,4.8,20,1,3
20,41,646,392,4.841886116991581,6,1,3
20,42,540,703,4.575735931288072,7,1,3
20,43,474,617,4.841886116991581,11,1,3
20,44,549,462,4.525658350974743,20,1,3
20,45,534,482,4.730741759643275,22,1,3
20,46,536,518,4.888196601125011,22,1,3
20,47,355,600,4.3480797594797345,6,1,3
20,48,729,600,3.24928585999884,5,1,3
20,49,558,349,4.46148351928655,9,1,3
20,50,538,697,4.5968871125850725,9,1,3

