Iteration,Passenger_ID,X,Y,Utility,Neighbours,Interest
20,1,691,573,0.0,0,0,1
20,2,343,534,0.0,0,0,1
20,3,511,340,0.0,1,0,1
20,4,473,471,0.0,0,0,1
20,5,311,606,0.0,0,0,1
20,6,568,605,4.888196601125011,15,1,2
20,7,631,527,4.5968871125850725,14,1,2
20,8,485,433,4.841886116991581,23,1,2
20,9,640,651,4.683772233983162,8,1,2
20,10,356,648,4.635994505535973,10,1,2
20,11,468,471,4.5968871125850725,20,1,2
20,12,457,698,4.098612181134003,6,1,2
20,13,536,404,4.55,22,1,2
20,14,354,423,4.539022777135356,5,1,2
20,15,509,488,4.787867965644035,24,1,2
20,16,632,410,4.787867965644035,14,1,2
20,17,563,166,0.0,2,0,2
20,18,241,611,0.0,2,0,2
20,19,394,443,4.776393202250022,9,1,2
20,20,450,569,4.708452405257734,17,1,2
20,21,616,415,4.52830094339717,16,1,2
20,22,755,204,0.0,0,0,2
20,23,726,451,4.363603896932108,5,1,2
20,24,471,520,4.858578643762691,24,1,2
20,25,529,480,4.9,23,1,2
20,26,430,492,4.635994505535973,15,1,2
20,27,323,538,4.5,7,1,2
20,28,643,409,4.683772233983162,13,1,2
20,29,762,492,0.0,3,0,2
20,30,368,674,4.397920271060385,11,1,2
20,31,500,534,4.75,24,1,3
20,32,251,544,3.166287917910775,4,1,3
20,33,603,459,4.888196601125011,10,1,3
20,34,355,496,4.289366479822405,11,1,3
20,35,367,235,0.0,2,0,3
20,36,683,602,4.25,8,1,3
20,37,683,367,4.575735931288072,11,1,3
20,38,665,442,4.841886116991581,13,1,3
20,39,656,308,4.4409830056250525,7,1,3
20,40,718,631,4.256696562634074,3,1,3
20,41,664,381,4.397920271060385,11,1,3
20,42,520,616,4.683772233983162,17,1,3
20,43,593,575,4.95,15,1,3
20,44,622,562,4.929289321881345,12,1,3
20,45,514,388,4.395847701320271,11,1,3
20,46,424,429,4.8197224362268,14,1,3
20,47,582,577,4.75,15,1,3
20,48,455,318,4.635994505535973,5,1,3
20,49,260,465,4.683772233983162,7,1,3
20,50,631,683,3.8,3,1,3

