Iteration,Vehicle_ID,X,Y,Utility,Capacity,Neighbours
10,0,599,279,0.0,1,0,1
10,1,272,476,0.5038210667278818,0,0,2
10,2,426,720,0.045582778973898286,0,0,2
10,3,496,392,3.890382948941392,0,0,2
10,4,865,354,0.0,1,0,2
10,5,603,539,4.327318797646315,0,0,2
10,6,459,514,2.8498546560755478,0,0,2
10,7,330,425,3.273370335016799,0,0,2
10,8,673,483,4.675000000000001,0,0,2
10,9,699,775,0.0,1,0,2
10,10,627,409,1.6870519170986094,0,0,2
10,11,329,600,0.0,1,0,3
10,12,419,570,0.0,1,0,3

