Iteration,Passenger_ID,X,Y,Utility,Neighbours,Interest
100,1,319,443,0.0,1,0,1
100,2,497,403,0.0,0,0,1
100,3,526,603,0.0,0,0,1
100,4,720,225,0.0,0,0,1
100,5,507,481,0.0,0,0,1
100,6,421,277,4.841886116991581,5,1,2
100,7,624,516,4.858578643762691,16,1,2
100,8,401,636,4.841886116991581,10,1,2
100,9,591,436,4.929289321881345,12,1,2
100,10,634,466,4.888196601125011,15,1,2
100,11,477,585,4.95,21,1,2
100,12,497,493,4.888196601125011,19,1,2
100,13,412,444,4.8,16,1,2
100,14,597,608,4.888196601125011,14,1,2
100,15,167,697,0.0,0,0,2
100,16,292,748,0.0,0,0,2
100,17,354,455,5.0,16,1,2
100,18,607,381,4.8,8,1,2
100,19,737,601,4.6958618734850885,6,1,2
100,20,453,322,4.699999999999999,7,1,2
100,21,545,542,4.888196601125011,20,1,2
100,22,590,488,4.858578643762691,19,1,2
100,23,399,427,4.888196601125011,15,1,2
100,24,632,555,4.9,20,1,2
100,25,513,485,4.929289321881345,19,1,2
100,26,453,633,4.708452405257734,13,1,2
100,27,341,413,4.787867965644035,17,1,2
100,28,671,547,4.85,15,1,2
100,29,674,547,4.841886116991581,15,1,2
100,30,616,491,4.8,14,1,2
100,31,422,476,4.888196601125011,17,1,3
100,32,710,707,4.539022777135356,2,1,3
100,33,569,582,4.858578643762691,23,1,3
100,34,441,548,4.888196601125011,31,1,3
100,35,556,620,4.9,20,1,3
100,36,429,442,4.841886116991581,14,1,3
100,37,553,536,4.8197224362268,29,1,3
100,38,613,484,4.888196601125011,21,1,3
100,39,410,517,4.841886116991581,19,1,3
100,40,641,462,4.858578643762691,16,1,3
100,41,639,493,4.639444872453601,19,1,3
100,42,664,578,4.888196601125011,6,1,3
100,43,652,337,4.619211344706804,3,1,3
100,44,563,512,4.841886116991581,29,1,3
100,45,457,390,4.95,12,1,3
100,46,227,434,0.0,1,0,3
100,47,196,474,4.85,1,1,3
100,48,516,489,4.929289321881345,24,1,3
100,49,675,439,4.793844718719117,10,1,3
100,50,388,601,4.75,14,1,3

