Iteration,Passenger_ID,X,Y,Utility,Neighbours,Interest
100,1,484,475,0.0,0,0,1
100,2,479,682,0.0,1,0,1
100,3,566,241,0.0,0,0,1
100,4,609,330,0.0,0,0,1
100,5,517,649,0.0,1,0,1
100,6,338,522,4.858578643762691,14,1,2
100,7,274,478,4.8197224362268,8,1,2
100,8,345,326,4.679843788128358,10,1,2
100,9,497,624,4.841886116991581,9,1,2
100,10,297,546,4.841886116991581,11,1,2
100,11,600,578,4.9,15,1,2
100,12,587,660,4.75,12,1,2
100,13,440,375,4.75,14,1,2
100,14,268,619,4.572799812734123,5,1,2
100,15,543,445,4.888196601125011,21,1,2
100,16,567,505,4.9,19,1,2
100,17,748,464,4.776393202250022,4,1,2
100,18,311,362,4.8197224362268,10,1,2
100,19,551,324,4.841886116991581,12,1,2
100,20,679,349,4.8197224362268,9,1,2
100,21,602,526,4.929289321881345,15,1,2
100,22,495,508,4.9,13,1,2
100,23,392,331,4.639444872453601,11,1,2
100,24,384,264,4.858578643762691,7,1,2
100,25,483,402,4.841886116991581,14,1,2
100,26,533,818,4.292893218813452,3,1,2
100,27,629,508,4.9,12,1,2
100,28,624,522,4.841886116991581,12,1,2
100,29,524,440,4.888196601125011,17,1,2
100,30,577,623,4.929289321881345,15,1,2
100,31,595,654,4.793844718719117,3,1,3
100,32,231,663,0.0,1,0,3
100,33,610,419,4.75,15,1,3
100,34,629,498,4.95,17,1,3
100,35,478,351,4.858578643762691,16,1,3
100,36,87,375,0.0,0,0,3
100,37,698,498,4.888196601125011,13,1,3
100,38,439,572,4.858578643762691,14,1,3
100,39,504,421,4.95,21,1,3
100,40,523,499,4.787867965644035,20,1,3
100,41,479,461,4.888196601125011,21,1,3
100,42,638,536,4.776393202250022,14,1,3
100,43,549,685,4.929289321881345,3,1,3
100,44,651,526,4.95,15,1,3
100,45,759,379,0.0,2,0,3
100,46,406,368,4.85,15,1,3
100,47,590,298,4.85,7,1,3
100,48,420,459,4.929289321881345,21,1,3
100,49,346,616,4.95,8,1,3
100,50,506,506,4.95,20,1,3

