Iteration,Vehicle_ID,X,Y,Utility,Capacity,Neighbours
10,0,308,495,0.0,1,0,1
10,1,542,644,3.8850448439511123,0,0,2
10,2,535,325,1.9916782087017353,0,0,2
10,3,311,589,0.697384516366818,0,0,2
10,4,369,387,4.193774225170145,0,0,2
10,5,391,477,3.589104894047754,0,0,2
10,6,525,385,2.230862047495647,0,0,2
10,7,710,404,0.6068234727022407,0,0,2
10,8,425,385,3.1775703031392406,0,0,2
10,9,404,614,0.47396420694665764,0,0,2
10,10,518,405,0.0,1,0,3
10,11,434,271,0.0,1,0,3
10,12,250,472,0.0,1,0,3

