Iteration,Vehicle_ID,X,Y,Utility,Capacity,Neighbours
10,0,507,429,0.0,1,0,1
10,1,500,798,1.6517728571675427,0,0,2
10,2,346,565,2.2331199881454924,0,0,2
10,3,551,566,3.44015225101935,0,0,2
10,4,344,374,2.7864056378821345,0,0,2
10,5,565,395,2.2883353820946075,0,0,2
10,6,817,480,0.0,1,0,2
10,7,553,382,0.7587590259453542,0,0,2
10,8,321,367,2.3798854986852196,0,0,2
10,9,592,523,4.345687383584879,0,0,2
10,10,412,442,0.0,1,0,3

