Iteration,Vehicle_ID,X,Y,Utility,Capacity,Neighbours
5,0,555,358,0.0,1,0,1
5,1,364,540,0.5965212615478656,0,0,2
5,2,530,575,4.010997977757375,0,0,2
5,3,544,663,0.67608395086121,0,0,2
5,4,460,639,2.302199970346208,0,0,2
5,5,188,442,0.12429492278296195,0,0,2
5,6,332,765,0.0,1,0,2
5,7,580,472,3.0517636180380987,0,0,2
5,8,600,569,4.429364389474334,0,0,2
5,9,403,533,3.473156851539753,0,0,2
5,10,676,432,0.0,1,0,3
5,11,606,376,0.0,1,0,3
5,12,447,545,0.0,1,0,3

