Iteration,Passenger_ID,X,Y,Utility,Neighbours,Interest
60,1,597,574,0.0,1,0,1
60,2,544,584,0.0,1,0,1
60,3,370,253,0.0,0,0,1
60,4,630,449,0.0,0,0,1
60,5,685,503,0.0,0,0,1
60,6,334,524,4.85,8,1,2
60,7,552,544,4.793844718719117,14,1,2
60,8,461,607,4.793844718719117,19,1,2
60,9,427,509,4.841886116991581,20,1,2
60,10,702,715,0.0,5,0,2
60,11,375,629,4.717157287525381,12,1,2
60,12,530,470,4.8,20,1,2
60,13,620,700,4.776393202250022,8,1,2
60,14,401,424,4.95,11,1,2
60,15,571,463,4.888196601125011,15,1,2
60,16,470,516,4.841886116991581,19,1,2
60,17,524,562,4.683772233983162,17,1,2
60,18,724,489,4.793844718719117,6,1,2
60,19,587,423,4.8197224362268,18,1,2
60,20,383,611,4.95,11,1,2
60,21,553,280,4.858578643762691,8,1,2
60,22,557,590,4.929289321881345,13,1,2
60,23,383,592,4.888196601125011,13,1,2
60,24,269,287,0.0,1,0,2
60,25,439,574,4.841886116991581,18,1,2
60,26,438,494,4.841886116991581,16,1,2
60,27,616,462,4.841886116991581,12,1,2
60,28,448,470,4.95,15,1,2
60,29,616,407,4.888196601125011,14,1,2
60,30,473,446,4.888196601125011,18,1,2
60,31,439,465,4.75,21,1,3
60,32,529,412,4.85,25,1,3
60,33,441,515,4.776393202250022,15,1,3
60,34,544,498,4.745049024320361,20,1,3
60,35,663,679,4.468492709363268,5,1,3
60,36,548,627,4.745049024320361,10,1,3
60,37,523,707,4.841886116991581,7,1,3
60,38,370,599,4.569883736647869,6,1,3
60,39,537,654,4.708452405257734,7,1,3
60,40,674,524,4.888196601125011,8,1,3
60,41,259,581,4.708452405257734,4,1,3
60,42,512,412,4.888196601125011,25,1,3
60,43,430,335,4.888196601125011,11,1,3
60,44,399,861,0.0,0,0,3
60,45,617,509,4.929289321881345,15,1,3
60,46,327,427,5.0,8,1,3
60,47,362,388,4.9,15,1,3
60,48,306,270,0.0,0,0,3
60,49,449,408,4.888196601125011,20,1,3
60,50,339,501,4.929289321881345,10,1,3

