Iteration,Vehicle_ID,X,Y,Utility,Capacity,Neighbours
10,0,771,401,0.0,1,0,1
10,1,584,586,2.6134491415433865,0,0,2
10,2,483,603,2.4387503050268604,0,0,2
10,3,270,309,0.050252531694167143,0,0,2
10,4,351,638,1.1449708172310809,0,0,2
10,5,474,453,2.7526404382030893,0,0,2
10,6,800,498,0.0,1,0,2
10,7,568,377,3.881966011250105,0,0,2
10,8,432,619,3.0313392877389966,0,0,2
10,9,509,422,0.0,1,0,3

