Iteration,Vehicle_ID,X,Y,Utility,Capacity,Neighbours
5,0,542,277,0.0,1,0,1
5,1,327,337,1.8882279967838262,0,0,2
5,2,515,508,2.094724625788461,0,0,2
5,3,558,525,3.28645105118062,0,0,2
5,4,578,637,1.6996212338581502,0,0,2
5,5,501,377,3.4121555491799582,0,0,2
5,6,408,648,2.4,0,0,2
5,7,563,815,0.0,1,0,2
5,8,540,445,4.271989011071948,0,0,2
5,9,446,406,3.4867254049578444,0,0,2
5,10,296,397,1.3799171280204092,0,0,3
5,11,530,659,0.0,1,0,3
5,12,233,769,0.0,1,0,3
5,13,537,614,0.0,1,0,3

