Iteration,Vehicle_ID,X,Y,Utility,Capacity,Neighbours
10,0,430,609,0.0,1,0,1
10,1,634,599,2.848692258183409,0,0,2
10,2,613,508,1.8915437915260895,0,0,2
10,3,318,507,1.0058636728323853,0,0,2
10,4,356,544,2.999843756103039,0,0,2
10,5,386,607,3.6911359887291573,0,0,2
10,6,689,549,1.3746551888130696,0,0,2
10,7,435,639,3.15999320653428,0,0,2
10,8,546,227,1.5134185797546615,0,0,2
10,9,420,654,2.2699587915198056,0,0,2
10,10,447,520,0.0,1,0,3

