Iteration,Passenger_ID,X,Y,Utility,Neighbours,Interest
20,1,520,561,0.0,0,0,1
20,2,636,557,0.0,0,0,1
20,3,613,517,0.0,0,0,1
20,4,349,497,0.0,1,0,1
20,5,491,511,0.0,0,0,1
20,6,493,633,4.161847269287989,11,1,2
20,7,550,416,4.497506218943956,12,1,2
20,8,456,344,4.397920271060385,15,1,2
20,9,387,500,4.683772233983162,15,1,2
20,10,739,581,4.080761184457488,6,1,2
20,11,461,750,0.0,4,0,2
20,12,456,578,4.787867965644035,15,1,2
20,13,435,465,4.619211344706804,19,1,2
20,14,461,375,4.858578643762691,18,1,2
20,15,462,349,4.193774225170145,17,1,2
20,16,452,536,4.505025253169417,13,1,2
20,17,451,525,4.6958618734850885,13,1,2
20,18,599,314,4.639444872453601,6,1,2
20,19,351,702,0.0,5,0,2
20,20,239,574,0.0,0,0,2
20,21,454,487,4.8,16,1,2
20,22,306,341,4.447731949140637,5,1,2
20,23,159,507,0.0,0,0,2
20,24,526,641,4.787867965644035,11,1,2
20,25,637,560,4.745049024320361,11,1,2
20,26,488,433,4.776393202250022,21,1,2
20,27,519,281,4.271989011071948,8,1,2
20,28,558,557,4.646446609406726,11,1,2
20,29,421,585,4.929289321881345,15,1,2
20,30,50,379,0.0,0,0,2
20,31,810,393,0.0,0,0,3
20,32,332,454,4.793844718719117,17,1,3
20,33,466,372,4.65,8,1,3
20,34,356,540,4.9,16,1,3
20,35,325,527,4.359687576256715,15,1,3
20,36,309,378,3.9393398282201786,9,1,3
20,37,557,505,4.6958618734850885,13,1,3
20,38,319,427,3.9206483427538554,10,1,3
20,39,496,551,4.75,9,1,3
20,40,315,362,4.730741759643275,8,1,3
20,41,401,475,4.14853068170368,15,1,3
20,42,660,354,4.5968871125850725,3,1,3
20,43,824,344,0.0,0,0,3
20,44,609,363,4.639444872453601,6,1,3
20,45,382,581,4.507557109910195,14,1,3
20,46,371,496,4.236783123876313,16,1,3
20,47,534,487,4.793844718719117,15,1,3
20,48,498,316,4.46148351928655,7,1,3
20,49,348,545,4.8197224362268,15,1,3
20,50,751,600,0.0,2,0,3

