Iteration,Vehicle_ID,X,Y,Utility,Capacity,Neighbours
10,0,534,748,0.0,1,0,1
10,1,502,447,4.089986263839935,0,0,2
10,2,499,234,0.04570893063397037,0,0,2
10,3,737,404,0.6224293266698708,0,0,2
10,4,565,411,2.090532694804769,0,0,2
10,5,644,605,2.9329973391405613,0,0,2
10,6,617,453,3.6405423875677476,0,0,2
10,7,604,544,0.8403726128413858,0,0,2
10,8,575,783,0.0,1,0,2
10,9,499,572,0.0,1,0,3

