Iteration,Vehicle_ID,X,Y,Utility,Capacity,Neighbours
10,0,156,637,0.0,1,0,1
10,1,354,691,3.9378677106875997,0,0,2
10,2,409,660,1.8057669152048406,0,0,2
10,3,411,528,4.4655610418392016,0,0,2
10,4,438,539,1.1775335187865934,0,0,2
10,5,626,617,2.7437586565263015,0,0,2
10,6,457,402,1.9878371557965195,0,0,2
10,7,508,369,2.9591668368041453,0,0,2
10,8,778,571,2.1601056357674144,0,0,2
10,9,354,509,3.5991074273878096,0,0,2
10,10,348,505,2.8145366623985657,0,0,2
10,11,267,408,0.0,1,0,3

