Iteration,Vehicle_ID,X,Y,Utility,Capacity,Neighbours
10,0,423,664,0.0,1,0,1
10,1,728,401,1.0496835569792637,0,0,2
10,2,542,707,0.14684381046725434,0,0,2
10,3,564,657,1.1237098921778312,0,0,2
10,4,397,595,0.7168206901881867,0,0,2
10,5,625,539,4.674039879739867,0,0,2
10,6,473,625,1.833278509246511,0,0,2
10,7,359,471,3.372117940390029,0,0,2
10,8,451,616,4.257537879754125,0,0,2
10,9,690,489,0.0,1,0,3

