Iteration,Vehicle_ID,X,Y,Utility,Capacity,Neighbours
1,0,613,577,0.0,1,0,1
1,1,457,490,4.257958896017209,0,0,2
1,2,506,457,4.762829175487371,0,0,2
1,3,543,369,4.119304252309574,0,0,2
1,4,395,485,1.6139994093325973,0,0,2
1,5,495,556,2.5934983897782242,0,0,2
1,6,446,349,1.1570681765089823,0,0,2
1,7,502,695,0.8142354342366552,0,0,2
1,8,727,347,0.0,1,0,3
1,9,381,630,0.0,1,0,3
1,10,622,538,0.0,1,0,3
1,11,408,503,0.0,1,0,3
1,12,437,469,0.0,1,0,3

