Iteration,Vehicle_ID,X,Y,Utility,Capacity,Neighbours
5,0,753,537,0.0,1,0,1
5,1,606,560,0.38799121856863794,0,0,2
5,2,408,471,2.9535091009242187,0,0,2
5,3,445,398,0.0,1,0,2
5,4,566,329,0.0,1,0,2
5,5,587,389,0.0,1,0,2
5,6,447,412,0.0,1,0,3

